Office,Item,Serial No.,Date of Purchase,Make,Model,Remarks
Puthuppalli MDG,Monitor,9I003234201801,Feb-24,HLBS,HLBS ,Working
,CPU,21H12L2023B50688,Feb-24,HLBS,HLBS ,Windows 10
,DOT MATRIX PRINTER,Q7DY062332,,Epson,EPSON LX 310,Service due
,PB PRINTER,X7ZT047964,2023,Epson,EPSON PLQ 35,Battery replaced
,BARCODE SCANNER,OADMLB000737,,TVS,TVS BS-C101 STAR,
,SPEAKER,ZAR18NT48931,,Zebronics,ZEBRONICS-PLUTO,
,Monitor,6CM52113QD,May-15,HP,HP-V192,
,CPU,INA526Y909,May-15,HP,HP-406G1MT,
,LASER PRINTER,CNC2106855,2015,HP,HP LASER JET 1020Plus,
,PB PRINTER,X23T052250,,Epson,EPSON PLQ -30,
,COUNTING MACHINE,2020000000000,2015,Spectra,SPECTRA,
,BARCODE SCANNER,OADMLB000723,,TVS,TVS BS-C101 STAR,
,CPU,UXB1JSIO91I0436487,2019,Acer,ACER- VERITON,
,MONITOR,MMLY0SS0118500F5BC8525,2019,Acer,ACER-  V196 HQL,
,IRIS SCANNER,BA1801A025924,2019,CMI,CMI TECH,
,FP SCANNER,C8R1CT00619,2019,GreenBit,GREEN BIT-DACTY SCAN 84C,
,FLAT BED SCANNER,KLUY26240,,Canon,CANON Canoscan Lide 300,
,MONITOR,MMT3FSS0017500152D3B00,,Acer,Acer E1900 HQ,
,MONITOR,MMLTJSS00344701FB98501,,Acer,ACER P166HQL,
,CPU,IN532ZVWN,,HP,HP-406G1MT,
,LASER PRINTER,0AN2B8GHAA026MJ,,Samsung,SAMSUNG EXPRESS M2830DW,
,BARCODE SCANNER,NAPMLB003448,,TVS,TVS BS-C101 STAR,
,UPS,U07L21L00529,2021,BPE,BPE-MF1103L  - 3KV,
MANGANAM,MONITOR,MMLY0SS0118500F62D8525,2019,Acer,ACER V196HQL,
,CPU,UXVQNSI244J0260731,2019,Acer,ACER - VERITON,
,DOT MATRIX PRINTER,Q7DY143400,2024-APRIL,Epson,EPSON LX-310,
,LASER PRINTER,VNM1C02715,2023,HP,HP - M207-212,
,PB PRINTER,X7ZT008103,2022,Epson,EPSON PLQ35,
,BAR CODE SCANNER,MBKMLB000806,,TVS,TVS BS-C101 STAR,
,UPS,10050278,,Hykon,HYKON 1KV,
KOTTAYAM COLLECTORATE,CPU,UD305SI00U40804A200700,2024-MARCH,Acer,ACER -VERITON,
,MONITOR,UR14701017407F7A109F00,2024- MARCH,Acer,ACER EV226HQL,
,LASER PRINTER,VNF4326919,2008,HP,HP LASERJET P1007,
,BAR CODE SCANNER,UAAMLB000251,,TVS,TVS BS-C101-STAR,
,CPU,UXVTUSI333M2089516,Mar-23,Acer,ACER- VERITON,
,MONITOR,MMT3FSS001750007253B00,Mar-23,Acer,ACER- E1900HQ,
,LASER PRINTER,CNCH654773,2015,HP,HP LASERJET 1020 PLUS,
,BAR CODE SCANNER,,,TVS,TVS-BS C101-STAR,
,UPS,2169013,2019,Keptron,KEPTRON 420/20 EXT24V,
,CPU,UXB1JSII11I0905789,2022,Acer,ACER VERITON,
,MONITOR,MMLY7SS02822406AFC859M,2022,Acer,ACER V226HQL,
,BARCODE SCANNER,RBQMLB004579,,TVS,TVS BS-C101-STAR,
,MONITOR,33602457485,2018,Acer,ACER-P166HQL,
,CPU,INA91502B5,2012,HP,HP COMPAQ,
,CPU,INA91503R9,2012,HP,HP COMPAQ,
,LASER PRINTER,0AN2B8GHAA027DB,2017,Samsung,SAMSUNG EXPRESS,
,PASSBOOK PRINTER,QAL6MT016255,2017,TVS,TVS SPEED 40,
,UPS,26903,2020,Keptron,KEPTRON 420/20 24V,
PARIYARAM,CPU,UXVQNSI285J1282885,Apr-20,Acer,ACER-VERITON,
,MONITOR,MMLY0SS01190808FD58525,Apr-20,Acer,ACER V196HQL,
,DOTMATRIX PRINTER,JNWY275105,,Epson,EPSON LX300+II,
,LASER PRINTER,VNC3800735,2021,HP,HP M207-M212,
,PB PRINTER,X7ZT007669,2022,Epson,EPSON PLQ-35,
,UPS,NOT READABLE,,Hykon,HYKON 1kv,
,BARCODE READER,,,TVS,TVS ,
PALLOM,CPU,8CG8438JMM,2020,HP,HP,
,MONITOR,3CQ0131JJT,2020,HP,HP 194,
,DOTMATRIX PRINTER,JNWY363466,2012,Epson,EPSON LX300+II,
,LASER PRINTER,VNF4H06847,2015,HP,HP LASERJET P1106,
,PB PRINTER,QAL6MT016901,2020,TVS,TVS SPEED40 PLUS,
,BARCODE READER,VBYMLB003520,,TVS,TVS,
,UPS,201003P151,,Techser,TECHSER,
MUTTAMBALAM,MONITOR,UXVQNSI244J0260714,2018,Acer,ACER VERITON ,
,CPU,MMLY0SS0118500F5E48525,2018,Acer,ACER V196HQL,
,DOT MATRIX PRINTER,Q7DY156715,2018,Epson,EPSON LX310,
,MONITOR,CNK2500TRJ,2023,HP,HP V22VG5,
,CPU,1NI30304C9,,HP,HP285 PRO G8 MICRO TOWER,
,CPU,UXB1JSIO91I0328592,2016,Acer,ACER VERITON ,
,INKJET PRINTER,CN79A5G0R8,2016,HP,HP DESKJET 5811,
,MONITOR,AOCW1TF2H2300184,2016,Acer,AOC,
,CPU,INA91806DG,2014,HP,HP,
,LASER PRINTER,VNF6W04942,2015,HP,HP LASERJET,
,UPS,4203048V,2015,Keptron,KEPTRON,
VADAVATHOOR,MONITOR,CNC839186S,2018,HP,COMPAQ,
,CPU,INA928021X,2012,HP,HP COMPAQ,
,DOT MATRIX PRINTER,Q7DY150648,2018,Epson,EPSON LX-310,
,MONITOR,6CM5521WS5,2016,HP,HP V192,
,CPU,INA604XH5S,2016,HP,HP 406 G1 BUSINESS PC,
,LASER PRINTER,VNF4W05773,2015,HP,HP LASER JET P1106,
,PASSBOOK PRINTER,3200059168,2016,Olivetti,OLIVETTY PR2 PLUS,
,UPS,11096453,2015,Keptron,420/20/36V,
MANARCAUD,MONITOR,75204794285,2018,Acer,ACER V196HQL,
,CPU,UXB1JSIO91I0328883,2018,Acer,ACER VERITON,
,INKJET PRINTER,CN7CH5G1BQ,2018,HP,HP DESKJET GT5811,
,IRIS SCANNER,BA1801A025923,2018,CMI,CMITECH,
,FP SCANNER,CBR1CT00813,2018,GreenBit,GREEN BIT,
,MONITOR-2,RBW01HS01050,2022,Zebronics,ZEBSTER,
,MONITOR,9I003234202131,2024,HLBS,HLBS,
,CPU,21H12L2023B50693,2024,HLBS,HLBS,
,DOT MATRIX PRINTER,Q7DY116775,2020,Epson,EPSON LX310,
,MONITOR,85006299285,2018,Acer,ACER V196HQL,
,CPU,UXVQNSI244J0260698,2018,Acer,ACER VERITON,
,LASER PRINTER,VNF6W04926,2015,HP,HP LASERJET P1106,
,MONITOR,44203158942,2014,Acer,ACER P166HQL,
,CPU,INA113XHHN,2012,HP,HP Pro 3090MT,
RUBBER BOARD,CPU,UXVQNSI244J0260679,2018,Acer,ACER-VERITON,
,MONITOR,85006299985,2018,Acer,ACER-V196HQL,
,DOT MATRIX PRINTER,KNWY361408,2016,Epson,EPSON LX 300+II,
,LASER PRINTER,VNFN112584,2010,HP,HP LASERJET,
,PASSBOOK PRINTER,XTZT007998,2020,Epson,EPSON PLQ35,
,UPS,240309381,2023,Hykon,HYKON 1KVA,
KTM NORTH,CPU,UXVQNSI244J0260717,2019,Acer,ACER VERITON,
,MONITOR,85006296985,2019,Acer,ACER V196HQL,
,LASER PRINTER,0AN2B8GHAB0384W,2017,Samsung,SAMSUNG EXPRESS,
,DOT MATRIX PRINTER,JNWY361546,2014,Epson,EPSON LX300+II,
,UPS,,2021,Fortune,FORTUNE,
,PASSBOOK PRINTER,X7ZT008088,2021,Epson,EPSON PLQ35,
KILIROOR NORTH,CPU,INA811V836,2018,HP,HP 280 G3MT,
,MONITOR,6CM714142L,2018,HP,HP V203P,
,LASER PRINTER,NAQA592490,2020,Canon,CANON LBP2900B,
,DOT MATRIX PRINTER,Q7DY116822,2020,Epson,EPSON LX-310,
,UPS,1KV,2012,Hykon,HYKON,
,PASSBOOK PRINTER,QAL6MT016909,2017,TVS,TVS SPEED 40,
THAZHATHANGADY,CPU,UXVQNSI285J1282800,2018,Acer,ACER VERITON,
,MONITOR,90803805985,2018,Acer,ACER V196HQL,
,LASER PRINTER,0AN2B8GHAA02B6B,2016,Samsung,SAMSUNG EXPRESS,
,DOT MATRIX PRINTER,Q7DY109653,2018,Epson,EPSON  LX-310,
,UPS,,,Hykon,HYKON,
,PASSBOOK PRINTER,X7ZT008093,2020,Epson,EPSON PLQ-35,
CHENGALAM SOUTH,CPU,UXVQNSI925L0494368,2021,Acer,ACER VERITON,
,MONITOR,MMLXKSS0090500FE804248,2021,Acer,ACER V206HQL,
,LASER PRINTER,VNM1C05592,2021,HP,HP,
,DOT MATRIX PRINTER,JNWY363824,2016,Epson,EPSON LX-300+II,
,UPS,,2011,Hykon,100430221,
,PASSBOOK PRINTER,8109442,2016,Olivetti,OLIVETTY PR2,
KUDAVECHOOR,CPU,INA604XGYS,2016,HP,HP 406 G1,
,MONITOR,85006290185,2019,HP,HP V196HQL,
,LASER PRINTER,VNF6W04946,2016,HP,HP LASERJET,
,DOT MATRIX PRINTER,Q7DY079400,2021,Epson,EPSON  LX-310,
,UPS,XXXXXXXXXX,2011,Hykon,HYKON,
,PASSBOOK PRINTER,X7ZT049171,2022,Epson,EPSON PLQ35,
KUMARAKOM,CPU,1N130303RS,2022,HP,HP 285 PRO ,
,MONITOR,CNK24700F5,2022,HP,HPV22V G5,
,LASER PRINTER,VNF6W05083,2015,HP,HP LASERJET P1106,
,DOT MATRIX PRINTER,VBY7LA001500,2022,TVS,TVS MSP 250 STAR,
,UPS,S0040051 72V,2013,Techser,TECHSER,
,CPU,INA604XGYP,2016,HP,HP 406 G1,
,MONITOR,6CM6050PD2,2016,HP,HP V192,
,LASER PRINTER,NTNA513229,2020,Canon,CANON ,
,PASSBOOK PRINTER,QAL6MT016324,2017,TVS,TVS SPEED 40,
,CPU,UXB1JSIO91I0328901,,Acer,ACER VERITON,
,MONITOR,75204798485,,Acer,ACER V196HQL,
,INK JET PRINTER,CN7CH5G15P,,HP,HP,
PAKKIL,CPU,UXB1JSII11I0905700,2017,Acer,ACER VERITON,
,MONITOR,MMT3PSS0017500140S3800,2017,Acer,ACER E1900HQ,
,LASER PRINTER,VNF6W04956,2015,HP,HP LASER JET,
,DOT MATRIX PRINTER,JNWY360569,2012,Epson,EPSON LX300+II,
,PASSBOOK PRINTER,QAL6MT016244,2019,TVS,TVS SPEED 40 PLUS,
,UPS,UL-D6K22-A-295,2022,Uniline,UNLINE SMARTLINE,
NATTAKOM,CPU,UXVQNSI285J1282935,2018,Acer,ACER VERITON,
,MONITOR,85006291085,2018,Acer,ACER V196HQL,
,LASER PRINTER,E73793J2N124238,2022,Brother,BROTHER HL-L2321D,
,DOT MATRIX PRINTER,Q7DY156732,2020,Epson,EPSON LX-310,
,PASSBOOK PRINTER,X7ZT008052,2020,Epson,EPSON PLQ-35,
,UPS,230404916A,2023,Hykon,HYKON HT1101L,
THIRUNAKKARA,CPU,UXVQNSI244J0260724,2018,Acer,ACER VERITON,
,MONITOR,MMLY0SS01190808FB78525,2019,Acer,ACER V196HQL,
,LASER PRINTER,0AN2B8GHAA00XFV,2017,Samsung,SAMSUNG EXPRESS,
,DOT MATRIX PRINTER,UAE4BD173628,2021,Epson,EPSON,
,PASSBOOK PRINTER,QAL6MT016971,2018,TVS,TVS SPEED ,
,UPS,10040132,2012,Hykon,HYKON 1 KV,
KTM WEST,CPU,IN13030387,2022,HP,HP 285 G8,
,MONITOR,CNK2270LJZ,2022,HP,HP V22V,
,LASER PRINTER,0AN2B8GHAA00S4H,2017,Samsung,SAMSUNG EXPRESS,
,CPU,21H12L2023B50690,2024,HLBS,HLBS,
MEENADAM,CPU,UXVQNSI285J1282826,2018,Acer,ACER VERITON,
KOTTAYAM HO,CPU,CNV7040CQW,2017,HP,HP,
,MONITOR,6CM7060B2N,2017,HP,HP 20KD,
,INK JET PRINTER,X5DZ394206,2020,Epson,EPSON L3110,
,CPU,INA604XHB1,2018,HP,HP,
,MONITOR,CNC9511JX6,2018,HP,COMPAQ,
,LASER PRINTER,VNFPB00922,2015,HP,HP LASERJET P1007,
,CPU,21H12L2023B50687,2024,HLBS,HLBS,
,MONITOR,9I003234202144,2024,HLBS,HLBS,
,CPU,INA113XHLC,2016,HP,HP,
,MONITOR,50700307342,2015,Acer,ACER,
,DOTMATRIX PRINTER,Q7DY062354,2018,Epson,EPSON LX-310,
,LASER PRINTER,CNCHB61601,2018,Hp,HP LASERJET 1020 PLUS,
,CPU,UQVQNSI244J0260675,2019,Acer,ACER VERITON,
,MONITOR,MMLY0SS0118500F5DA8525,2019,Acer,ACER 196HQL,
,DOT MATRIX PRINTER,Q7DY061541,2018,Epson,EPSON LX-310,
,CPU,UQVQNSI244J0260729,2018,Acer,ACER-VERITON,
,MONITOR,730012073314,2017,Acer,ACER-EB192Q,
,DOT MATRIX PRINTER,VBY7LA001563,2023,TVS,TVS ,
,CPU,UXVTUSI333M2088878,2020,Acer,ACER-VERITON,
,MONITOR,CNC9090PYY,2019,CPMPAQ,CPMPAQ ,
,DOT MATRIX PRINTER,Q7EY141604,2018,Epson,EPSON LX-310,
,CPU,INA114XSQ2,2012,Hp,HP PRO 3090MT,
,MONITOR,85006291985,2018,Acer,ACER -V196HQL,
,LASER PRINTER,0AN28GHAA0246R,2017,Samsung,SAMSUG EXPRESS,
,CPU,UXVQNSI244J0260733,2018,Acer,ACER VERITON,
,MONITOR,75204780385,2018,Acer,ACER-V196HQL,
,LASER PRINTER,E73793L3N467907,2024,BROTHER,BROTHER,
,CPU,UXB1JSII11I0435101,2020,Acer-ng,ACER-VERITON,
,MONITOR,6CM521135L,2015,Hp,HP V192,
,LASER PRINTER,VNFNP09029,2010,HP,HP LASERJET P1006,
,CPU,21H1262023B50697,2024,HLBS,HLBS,
,MONITOR,9I003234201872,2024,HLBS,HLBS,
,CPU,INA04503DS,2016,HP,HP PRO3090 MT,
,MONITOR,MMV0CSI001421023EB4HAI,2024,Acer,ACER K202Q,
,LASER PRINTER,CNCHB78800,2018,HP,HP LASER JET 1020 PLUS,
,CPU,UXVTUSI333M2089305,2022,Acer,ACER-VERITON,
,MONITOR,22402742285,2022,Acer,ACER-V226HQL,
,PB PRINTER,X23T052005,2020,Epson,EPSON PLQ-30,
,CPU,UXVTUSI333M2089537,2022,Acer,ACER VERITON,
,MONITOR,22401969885,2022,Acer,ACER V226HQL,
,PB PRINTER,X23T052108,2020,HP,EPSON PLQ 30,
,CPU,1NI30301D6,2022,HP,HP 285 PRO,
,MONITOR,CNK24700F6,2022,HP,HPV22V,
,PB PRINTER,320051288,2018,OLIVETTY,OLIVETTY,
,CPU,INA113XHF,2012,HP,HP PRO 3090,
,MONITOR,AOCW1TF2H2300180,2020,AOC,AOC,
,CPU,UXB1JSII11I0905769,2018,Acer,ACER VERITON,
,MONITOR,1N23186343,2023,HP,HP P22VB,
,LASER PRINTER,VNF4822775,2013,HP,HP LASERJET P1108,
,CPU,21H12L2023B50673,2024,HLBS,HLBS,
,MONITOR,9I003234201553,2024,HLBS,HLBS H-22P1IPS,
,LASER PRINTER,0AN2B8GHAA00QVD,2017,Samsung,SAMSUNG EXPRESS,
,CPU,UXVQNSI244J0260683,2018,Acer,ACER VERITON,
,MONITOR,6CM8481T2L,2018,COMPAQ,COMPAQ,
,LASER PRINTER,E73793L3N465655,2024,BROTHER,BROTHER,
,CPU,5103A1419300,2012,HP,HP,
,MONITOR,22002154685,2022,Acerv,ACERV226HQL,
,CPU,UXVQNSI244J0260695,2018,Acer,ACER VERITON,
,MONITOR,85006296485,2018,Acer,ACER V196HQL,
,CPU,1NI3230478,2024,Hp,HP 285 PRO,
,MONITOR,750005427311,2017,Acer,ACER E1900HQ,
,CPU,INA526Y9SL,2018,Hp 40ng,HP 406 G1,
,MONITOR,CNC6230GR6,2018,Hp,HP 19KA,
,PRINTER,2FT35997,2024,CANON,CANON,
,CPU,UXVD9SI140D4405049,2016,Acer ,ACER VERITON,
,MONITOR,33603642685,2013,Acer,ACER P166HQL,
,CPU,UXVD9SI140D4405247,2016,Acer ,ACER VERITON,
,MONITOR,CNC9511GS,2019,COMPAQ,COMPAQ,
,LASER PRINTER,VNC4L05077,2018,HP,HP LASERJET PROM202DW,
,CPU,INA9180734,2012,HP,HP COMPAQ,
,MONITOR,CNC046RY0R,2010,HP,HP LE1851W,
,CPU,UXB1JSIJ74H4382936,2016,Acer ,ACER VERITON,
,MONITOR,64400644842,2016,Acer,ACER K192HQL,
,CPU,INA91806JX,2010,HP,HP COMPAQ,
,MONITOR,6CM7060B37,2017,HP,HP 20KD,
,INKJET PRINTER,XAGS044048,2020,Epson,EPSON L3216,
,CPU,INA045038W,2012,HP,HP PRO 3090,
,MONITOR,RBW01IS09603,2020,ZEBSTER,ZEBSTER,
,LASER PRINTER,NAQA813361,2018,CANON,CANON LBP29001B,
,CPU,21H12L2023B50694,2024,HLBS,HLBS,
,MONITOR,9I003234201574,2024,HLBS,HLBS,
,LASER PRINTER,0AN2B8GHAA00SEF,2016,Samsung,SAMSUNG EXPRESS,
,CPU,21H1L2023B50692,2024,HLBS,HLBS,
,MONITOR,9I003234201644,2024,HLBS,HLBS,
,CPU,INI5150DBR,2012,HP,HP COMPAQ,
,MONITOR,82900386385,2018,Acer,ACER V196HQL,
,LASER PRINTER,0AN2B8GHAA0240V,2016,Samsung,SAMSUNG EXPRESS,
,CPU,INA9180610,2012,HP,HP ,
,MONITOR,AOC1TF2H1755547,2018,AOC,AOC,
,LASER PRINTER,0AN2B8GHAA0243A,2017,Samsung,SAMSUNG EXPRESS,
,CPU,1NI30303MS,2024,Hp,HP 285 PRO,
,MONITOR,75204726285,2017,Acer,ACER V1965QL,
,DOT MATRIX PRINTER,UBH5ED010212,2021,TVS,TVS ,
,LASER PRINTER,VNM1C05929,2021,HP,HP,
,UPS,7212374,2021,Keptron,KEPTRON 560396 VDC,
,UPS,24060145,2024,Supra,SUPRA 5KV,
,UPS,7212376,NA,Hykon,HYKON 5KV,
NEENDOOR,CPU,UXB7JSII11I0436035,NA,Acer,VERITON IC6550,
,MONITOR,MMLXKSS025027134D84251,NA,Acer,V206HQL,
,BAR CODE SCANNER,RBQMLB004578,2116,TVS,BS C101 STAR,
,DOT MATRIX PRINTER,Q7DY151399,2116,Epson,LX 310,
,LASER PRINTER,NAQA815488,2115,CANON,LBP2900B,
,PASSBOOK PRINTER,X7ZT008038,2115,Epson,PLQ 35,
,UPS,10040226,2114,Hykon,AEM 1000,
KAIPUZHA,MONITOR,MMLY0SS0047520B86C8507,2113,HP,V196HQL,
,CPU,UXVQNSI244J0260677,2113,Acer,M200-B350,
,LASER PRINTER,VNF6W05449,2112,HP,HP LASERJET  P1106,
,DOT MATRIX PRINTER,Q7DY154633,2112,Epson,LX 310,
,PASSBOOK PRINTER,X7ZT008079,NA,Epson,PLQ 35,
,UPS,UL-D6K22-A-257,2108,Smartline,SMARTLINE SL 1000,
,BATTERY,,2107,Uniline,UNILINE,
KANAKARI,CPU,UXVQNSI244J0260688,2106,Acer,VERITON M200-B350,
,Monitor,85006297885,2105,Acer,V196HQL,
,CPU,INA604XH88,NA,HP,HP 406 G1 MT Bussiness PC,
,Monitor,6CM5521PD0,NA,HP,,
,CPU,UXB1JSIO91I0436520,NA,Acer,ACER VERITON M200-H110,
,Monitor-1,750014503314,2111,Acer,ACER V196HQL,
,Monitor-2,750014503314,2110,Acer,ACER V196HQL,
,Fingerprint Scanner,C8R1BT16346,2110,Dacty,Dactyscan84C,
,Iris Scanner,BA1801A026002,2109,BMT,BMT-20,
,UPS,B13M18AOO533,2109,Uniline,UPS1000V,
,Inkjet Printer,CN77L5G1M5,2108,HP,Deskjet GT 5811,
,Laser printer,VNF5H29663,2108,HP,LASERJET P1007,
,LASER PRINTER,NTSA215713,2107,CANON,LBP6230dn,
,Passbook Printer,QAL6MT016293,2106,TVS,tvs speed 40 plus,
,FG SCANNER,B47A57461,NA,Dacty,FM220U,
,Dotmatrix Printer,Q7DY079450,2103,Epson,EPSON LX 310,
,Modem,T0051HA022700,2102,Dlink,DSL-2730U,
,UPS,15018985,2101,Uniline,420/20-36V,
,Battery,3 Nos,2100,Exide,EXIDE POWERSAFE PLUS,
,Barcode Scanner,PADMLB002501,NA,TVS,BS-C101 Star,
,Barcode Scanner,NBKMLB000588,NA,TVS,BS-C101 Star,
,Barcode Scanner,UAHMLB002261,NA,TVS,BS-C101 Star,
ETTUMANUR,CPU,UXB1JSIO91I0328639,2106,Acer,ACER VERITON M200-H110,
,Monitor,MMLY7SS02822005427859K,2105,Acer,ACER V196HQL,
,Monitor-2,MMLY0SS0047520B8B18507,2105,Acer,ACER V196HQL,
,Fingerprint Scanner,,2104,Dacty,Dactyscan84C,
,Iris Scanner,BA1801A025928,2103,BMT,BMT-20,
,UPS,UC90023852,2103,Uniline,FR-630N,
,Inkjet Printer,CN7CH5G1BT,2102,HP,Deskjet GT 5811,
,Laser printer,X5JC028799,2102,HP,M1120,
,MONITOR,MMLY0SS0047520BBEB8507,2101,Acer,ACER V196HQL,
,CPU,UXVTUSI333M2089131,NA,Acer,M200-P500,
,Laser printer,0AN2B8GHAA02BPN,2099,Samsung,M2830DW,
,MONITOR,ZZJLH4THA00640X,2097,Acer,LS19F350HNW+D5XXL,
,CPU,INA0450395,2096,HP,HP PRO,
,Passbook Printer,X23T052245,2095,Epson,PLQ-30,
,PASSBOOK PRINTER,ZX7ZT052533,NA,Epson,PLQ35,
,LASER PRINTER,CNCH649840,NA,HP,1020 PLUS,
,CPU,UXVQNSI244J0260682,NA,Acer,VERITON M200-B350,
,MONITOR,MMLY0SS0047520B8B18507,2101,Acer,V196HQL,
,DOT MATRIX PRINTER,Q7DY116787,2100,Epson,LX 310,
,CPU,UXB1JSII11I0435063,2099,Epson,IC6550,
,MONITOR,MMT3FSS001750007453B00,2099,Smartline,E1900HQ,
,CPU,UD305SI00U40804A160700,2098,Uniline,VERITON M200-P500,
,MONITOR,UR14701017408F88319F00,2098,Acer,EV226,
,Barcode Scanner,OADMLB000738,2097,Acer,BS-C101 STAR,
,Barcode Scanner,RAOMLB003161,2096,HP,BS-C101 STAR,
,Barcode Scanner,PADMLB002504,2096,HP,BS-C101 STAR,
,Barcode Scanner,RBHNBT004825,NA,Acer,BS - L100N,
,UPS,20050601386,2094,Acer,U502A08H,
,BATTERY,,2093,Acer,HYTT SERIES,
,FG SCANNER,,2091,Dacty,FM 220,
ATHIRAMPUZHA,CPU,INA604XHB3,2090,BMT,HP 406 GT MT BUSINESS PC,
,MONITOR,6CM5521PCN,NA,Uniline,V192,
,CPU,INA604XH4D,NA,HP,HP 406 GT MT BUSINESS PC,
,MONITOR,6CM5521QQS,NA,HP,V192,
,DOT MATRIX PRINTER,Q7DY079421,2095,CANON,LX 310,
,LASER PRINTER,0AN2B8GHAB01SHY,2095,TVS,M2830DW,
,PASSBOOK PRINTER,NA,2094,Dacty,PR2 PLUS,
,CPU,1N130303B9,2094,Epson,,
,MONITOR,CNK24700F4,2093,Dlink,,
,LASER PRINTER,VNF6W04941,2092,Uniline,HP  LASERJET P1106,
,CPU,UXB1JSIO91I0328685,2092,Exide,M200-H110,
,MONITOR,MMLY0SS0047520B88F8507,2091,TVS,V196HQL,
,Fingerprint Scanner,C8R1BT15188,2091,TVS,Dactyscan84C,
,Iris Scanner,BA1801A025926,NA,TVS,BMT-20,
,Inkjet Printer,CN79A5G0RB,2089,Acer,Deskjet GT 5811,
,CAMERA,,2088,Acer,,
,FG SCANNER,54SAXXC 2444679,2087,Acer,MFS100,
,MONITOR,766051500219,2085,Dacty,HCM582,
,MONITOR,CNC5030SX4,NA,BMT,HSTND-1A05,
,MONITOR,CNC5070ZHN,NA,Uniline,HSTND-1A05,
GANDHI NAGAR,CPU,UXB1JSIO91I0328877,NA,HP,M200-H110,
,MONITOR,MMLY0SS0118500F5D28525,2090,HP,V196HQL,
,MONITOR 2,MMLY0SS0047520B8748507,2089,Acer,V196HQL,
,Fingerprint Scanner,C8R1BT15271,2089,Acer,Dactyscan84C,
,Iris Scanner,BA1801A026140,2088,Samsung,BMT-20,
,Inkjet Printer,CN78J5G0T006B8,2088,Acer,Deskjet GT 5811,
,CAMERA,,2087,HP,,
,UPS,18012260360444,2087,Epson,ARROW 600VA,
,CPU,UXVQNSI244J0260699,2086,Epson,M200-B350,
,MONITOR ,MMLY0SS0047520B86B8507,2085,HP,V196HQL,
,DOT MATRIX PRINTER,Q7DY098518,NA,Acer,LX 310,
,LASER PRINTER,VNFN113203,2084,Acer,LASERJET P1007,
,UPS,M11L21J00366,2083,Epson,HFD200-3,
,BATTERY,,2082,Epson,B2060,
,CPU,UXVTUSI333M2089200,2081,Smartline,VERITON M200-P500,
,MONITOR,MMLY7SS0282200541A859K,NA,Uniline,EV226HQL,
,PASSBOOK PRINTER,QAL6MT016286,NA,Acer,SPEED 40 PLUS,
,Barcode Scanner,OADMLB000729,NA,Acer,BS-C101 Star,
,Barcode Scanner,RVQMLB004574,2085,HP,BS-C101 Star,
,Barcode Scanner,UBUMLB001291,2084,HP,BS-C101 Star,
,Barcode Scanner,UAAMLB000254,2084,Acer,BS-C101 Star,
,CPU,INA604XH8G,2083,Acer,HP 406 G1 MT Bussiness PC,
,MONITOR,6CM5521QSH,2082,Acer,HP V192,
,LASER PRINTER,VNF3S00051,2082,Dacty,LASERJET M208dw,
AYMANAM,CPU,UD305SI00U40804A2B0700,2081,BMT,VERITON M200-P500,
,MONITOR,UR14701017408F88199F00,2081,Uniline,EV226HQL,
,DOT MATRIX PRINTER,Q7DY107431,2080,HP,LX 310,
,LASER PRINTER,NTNA513212,NA,HP,LBP6030B,
,PASSBOOK PRINTER,X7ZT004057,2079,CANON,PLQ-35,
,BAR CODE SCANNER,NBXMLB001235,2078,TVS,BS-C101 Star,
,UPS,10040133,2077,Dacty,AEM 1000,
,BATTERY,,2076,Epson,POWER SAFE PLUS,
OLASSA,CPU,UXVQNSI925L0494364,NA,Dlink,VERITON M200-B350,
,MONITOR,MMLXKSS0090500FAA94248,NA,Uniline,V206HQL,
,DOT MATRIX PRINTER,Q7DY111576,NA,Exide,LX 310,
,LASER PRINTER,VNF4H06857,2080,TVS,HP LASERJET  P1106,
,PASSBOOK PRINTER,QAL6MT016248,2079,TVS,SPEED 40 PLUS,
,BAR CODE SCANNER,OBZMLB001080,2078,TVS,BS-C101 Star,
,UPS,10040194,2078,Acer,AEM 1000,
,BATTERY,,2077,Acer,HYBT SERIES,
THALAYAZHAM,CPU,UXVQNSI244J0260721,2077,Acer,VERITON M200-B350,
,MONITOR,CNC102RL98,2076,Dacty,LE1851w,
,CPU,INA112XF4R,2075,BMT,HP PRO 3090 MT,
,MONITOR,MMLY0SS0118500F6228525,2075,Uniline,V196HQL,
,DOT MATRIX PRINTER,Q7DY079453,NA,HP,LX-310,
,LASER PRINTER,0AN2B8GHAB038LN,2075,HP,M2830DW,
,LASER PRINTER,VNC3D07297,2073,Acer,LASERJET P1606DN,
,PASSBOOK PRINTER,QAL6MT016960,2072,Acer,SPEED 40 PLUS,
,BAR CODE SCANNER,NBKMLB000576,2071,Samsung,BS-C101 STAR,
,UPS,,NA,Acer,,
,BATTERY,,NA,HP,POWERSAFE PLUS,
MANNANAM,CPU,UXB1JSI11I043XXXXX,NA,Epson,VERITON IC6550,
,MONITOR,MMT3FSS00175000C5E3B00,2074,Epson,E1900HQ,
,Dotmatrix Printer,JNWY361744,2074,HP,LX 300+II,
,Barcode Scanner,NATMLB001064,2073,Acer,BS-C101 Star,
,CPU,UD305SI00U40804A280700,2073,Acer,VERITON M200-P500,
,MONITOR,UR14701017408F80CE9F00,2072,Epson,EV226HQL,
,CPU,,2071,Epson,,
,MONITOR,,2071,Smartline,,
,CPU,UXB1JSIO91I0328568,2070,Uniline,VERITON M200-H110,
,MONITOR,MMLY0SS0047520BBF38507,2070,Acer,V196HQL,
,Fingerprint Scanner,C8R1BT15240,NA,Acer,Dactyscan84C,
,Iris Scanner,BA1801A025927,2070,HP,BMT-20,
,Inkjet Printer,CN7CH5G1BP,2069,HP,Deskjet GT 5811,
,Barcode Scanner,PADMLB002491,2067,Acer,BS-C101 STAR,
,Passbook Printer,QAL6MT016394,2066,Acer,SPEED 40 PLUS,
,LASER PRINTER,,NA,Acer,LASERJET P1007,
ETM JUNCTION,CPU,UXVQNSI244J0260709,NA,Dacty,VERITON M200-B350,
,MONITOR,MMLY0SS0118500F6058525,NA,BMT,V196HQL,
,DOT MATRIX PRINTER,Q7DY083325,2069,Uniline,LX 310,
,LASER PRINTER,0AN2B8GHAB0333V,2068,HP,SAMSUNG M2830DW,
,PASSBOOK PRINTER,X7ZT008025,2068,HP,PLQ 35,
,BAR CODE SCANNER,1800801001072,2067,CANON,LS-392,
,UPS,210301854,2067,TVS,HT 1101L,
,BATTERY,,2066,Dacty,POWERSAFE PLUS,
NSH MOUNT,CPU,UD305SI00U40804A170700,2066,Epson,M200-P500,
,MONITOR,UR14701017408F88B39F00,2065,Dlink,EV226HQL,
,CPU,UXVJSSID33F1158126,2064,Uniline,VERITON - IC5989K,
,MONITOR,RAA06GS03155,NA,Exide,ZEB-V19HD,
,CPU,INA604XH63,2065,TVS,HP 406 GT MT BUSINESS PC,
,MONITOR,6CM5521QYR,2064,TVS,V192,
,DOT MATRIX PRINTER,Q7DY061952,2063,TVS,LX-310,
,LASER PRINTER,E73793K2N167054,2061,Acer,HL-L2321D,
,PASSBOOK PRINTER,QAL6MT016292,NA,Acer,SPEED 40 PLUS,
,Barcode Scanner,NBKMLB001978,NA,Acer,BS-C101 Star,
,Barcode Scanner,OADMLB000736,NA,Dacty,BS-C101 Star,
,MONITOR,AOCKHF2E4051832,2064,BMT,TFT19W80PS1,
,CPU,UXB1JSIO91I0436535,2063,Uniline,M200-H110,
,MONITOR,MMLY0SS0047520B87E8507,2063,HP,V196HQL,
,MONITOR 2,MMLY0SS0047520BBE68507,2062,HP,V196HQL,
,Fingerprint Scanner,C8R1BT15211,2061,Acer,Dactyscan84C,
,Iris Scanner,BA1801A026139,2061,Acer,BMT-20,
,Inkjet Printer,CN79A5G0NR06B8,2060,Samsung,Deskjet GT 5811,
,CAMERA,,2060,Acer,,
,UPS,9202041,2059,HP,KE -440/26032,
,BATTERY,,NA,Epson,AMARON QUANTA,
PRIYADARSINI HILLS,CPU,UXB1JSII11I0905797,2060,Epson,IC6550,
,MONITOR,6CM7060B2R,2059,HP,20KD,
,CPU,UXVQNSI244J0260700,2058,Acer,VERITON M200-B350,
,MONITOR,MMT3FSS0017500072A3B00,2057,Acer,E1900HQ,
,CPU,CNV7040CQ7,NA,Epson,NA,
,MONITOR,  MMLY0SS0047520BE348507,NA,Epson,V196HQL,
,DOT MATRIX PRINTER,Q7DY107451,NA,Smartline,LX-310,
,LASER PRINTER,CNCHB65793,2059,Uniline,LASERJET 1020 PLUS,
,PASSBOOK PRINTER,QAL6MT016964,2058,Acer,tvs speed 40 plus,
,Barcode Scanner,TBAMLB000554,2057,Acer,BS-C101 Star,
,Barcode Scanner,OBZMLB001074,2057,HP,BS-C101 Star,
,Barcode Scanner,UBUMLB001300,2056,HP,BS-C101 Star,
,Barcode Scanner,RAOMLB002784,2056,Acer,BS-C101 Star,
,MONITOR,MMLY0SS0047520BBE88507,2055,Acer,V196HQL,
,CPU,UXB1JSIO91I0328830,2054,Acer,M200-H110,
,Fingerprint Scanner,C8R1BT15235,2054,Dacty,Dactyscan84C,
,Iris Scanner,BA1801A026138,NA,BMT,BMT-20,
,Inkjet Printer,CN7CH5G120,2055,Uniline,Deskjet GT 5811,
,CAMERA,,2054,HP,,
,UPS,900032211191794,2053,HP,HFD-300,
,BATTERY,,2052,CANON,POWERSAFE PLUS,
,SCARP BATTERY,,NA,TVS,POWERSAFE PLUS,
,SCARP BATTERY,,NA,Dacty,POWERSAFE PLUS,
,SCARP BATTERY,,NA,Epson,ES 85,
,SCARP BATTERY,,2053,Dlink,ESL42,
KUDAMALOOR,CPU,VXVQNSI244J0260735,2053,Uniline,VERITON M200-B350,
,MONITOR,MMLY0SS0118500F61B8525,2052,Exide,V196HQL,
,DOT MATRIX PRINTER,JNWY361433,2052,TVS,LX 300+II,
,LASER PRINTER,NAQA815571,2051,TVS,LBP2900B,
,PASSBOOK PRINTER,X7ZT036410,2050,TVS,PLQ 35,
,BAR CODE SCANNER,RBQMLB004567,2050,Acer,BS-C101 Star,
,UPS,8202007,2049,Acer,KE440-1120,
,BATTERY,,2049,Acer,POWERSAFE PLUS,
THELLAKOM,CPU,UXVQNSI244J0260681,NA,Dacty,M200-B350,
,MONITOR,MMLY0SS0118500F6158525,2051,BMT,V196HQL,
,DOT MATRIX PRINTER,Q7DY143376,2049,Uniline,LX 310,
,LASER PRINTER,X5JC011092,2048,HP,M1120,
,PASSBOOK PRINTER,X7ZT008033,2047,HP,PLQ 35,
,BAR CODE SCANNER,RBQMLB004577,NA,Acer,BS-C101 Star,
,UPS,2068F35,NA,Acer,,
,BATTERY,,NA,Samsung,AGM VRLA,
PEROOR,CPU,1N130302WB,2048,Acer,HP,
,MONITOR,CNK2270LLC,2047,HP,V22V G5,
,DOT MATRIX PRINTER,VBQ7JA001094,2047,Epson,MSP 270 CLASSIC PLUS,
,LASER PRINTER,VNF4W06229,2046,Epson,LASERJET P1007,
,PASSBOOK PRINTER,X7ZT008092,2046,HP,PLQ 35,
,BAR CODE SCANNER,VBYMLB003566,2045,Acer,BS-C101 Star,
,MONITOR,CNC046RZQ4,2045,Acer,LE1851W,
,UPS,211004479,2044,Epson,GREEN1000 ,
,BATTERY,,2043,Epson,,
KUMARANALLOOR,CPU,UXB1JSII11I1007838,NA,Smartline,IC6550,
,MONITOR,MMLY0SS0047520BE208507,2046,Uniline,V196HQL,
,CPU,UXVTUSI333M2089017,2045,Acer,VERITON M200-P500,
,MONITOR,MMLY0SS0047520B8918507,2043,Acer,V196HQL,
,DOT MATRIX PRINTER,Q7DY101119,2042,HP,LX-310,
,LASER PRINTER,E73793A3N252268,NA,HP,HL-L2321D,
,PASSBOOK PRINTER,QAL6MT016912,NA,Acer,tvs speed 40 plus,
,Barcode Scanner,PADMLB002515,NA,Acer,BS-C101 Star,
,Barcode Scanner,OADMLB000732,2043,Acer,BS-C101 Star,
,MONITOR,MMLY7SS02822406ADA859M,2042,Dacty,V226HQL,
,CPU,UXB1JSIO91I0328898,2042,BMT,M200-H110,
,Fingerprint Scanner,C8R1BT15224,2041,Uniline,Dactyscan84C,
,Iris Scanner,BA1801A026137,2040,HP,BMT-20,
,Inkjet Printer,CN79A5G0NV,2040,HP,Deskjet GT 5811,
,CAMERA,,2039,CANON,,
,UPS,18012260360416,2039,TVS,600 VA,
,UPS,,2038,Dacty,,
,BATTERY,,NA,Epson,OPTIMUZ,
,SCARP BATTERY,,2041,Dlink,6EL 80+,
,LASER PRINTER,0AN2BBGHAA027RE,2040,Uniline,XPRESS M2830DW,
,CPU,NA,2039,Exide,,
MALLOOSSERY,CPU,21H12L2023B50679,2037,TVS,HLBS CM44,
,MONITOR,9I003234201545,NA,TVS,H-22P1IPS,
,DOT MATRIX PRINTER,JNWY361565,NA,TVS,LX-300+II,
,LASER PRINTER,0AN2B8GHAA00S3V,NA,Acer,XPRESS M2830DW,
,PASSBOOK PRINTER,NA,2038,Acer,PR2 PLUS,
,BAR CODE SCANNER,QAUMLB000052,2037,Acer,BS-C101 Star,
,UPS,,2036,Dacty,,
,BATTERY,,2036,BMT,EL 75,
KIDANGOOR,CPU,UXVQNSI244J0260685,2035,Uniline,M200-B350,
,MONITOR,MMLY0SS0118500F5EC8525,2035,HP,V196HQL,
,CPU,INA604XH6G,2034,HP,HP 406 G1 MT Bussiness PC,
,MONITOR,MMLTJSS0035170F92A8501,2033,Acer,P166HQL,
,DOT MATRIX PRINTER,Q7DY060257,2033,Acer,LX-310,
,LASER PRINTER,CNCGY28897,NA,Samsung,HP LASERJET  1020 PLUS,
,PASSBOOK PRINTER,X7ZT036326,2036,Acer,PLQ 35,
,Barcode Scanner,RAOMLB003897,2035,HP,BS-C101 Star,
,Barcode Scanner,NBKMLB000593,2034,Epson,BS-C101 Star,
,CPU,UXB1JSIO91I0328868,2033,Epson,M200-H110,
,MONITOR,MMLY0SS0047520BEE28507,NA,HP,V196HQL,
,Fingerprint Scanner,C8R1BT15181,NA,Acer,Dactyscan84C,
,Iris Scanner,BA1801A025922,NA,Acer,BMT-20,
,Inkjet Printer,CN7CH5G14006B8,2032,Epson,Deskjet GT 5811,
,CAMERA,,2032,Epson,,
,UPS,,2031,Smartline,,
,BATTERY,,2031,Uniline,EL+ 6EL,
KIDANGOOR SOUTH,CPU,UD305SI00U40804A2F0700,2030,Acer,M200-P500,
,MONITOR,UR14701017408F845B9F00,2029,Acer,EV226HQL,
,DOT MATRIX PRINTER,JNWY366581,2029,HP,LX 300+II,
,LASER PRINTER,0AN2B8GHAA026JD,2028,Acer,XPRESS M2830DW,
,PASSBOOK PRINTER,X7ZT007636,2028,Acer,PLQ 35,
,BAR CODE SCANNER,VBYMLB003512,NA,Samsung,BS-C101 Star,
,UPS,10050322,2031,Acer,AEM 1000,
,BATTERY,,2030,HP,POWERSAFE PLUS,
AYARKUNNAM,CPU,UXVJSSID93F0720139,2029,Epson,IC6999K,
,MONITOR,CN-02C8FJ,2028,Epson,D1918Ho,
,CPU,UD305SI00U408049BC0700,NA,HP,M200-P500,
,MONITOR,UR14701017407F7B069F00,NA,Acer,EV226HQL,
,DOT MATRIX PRINTER,JNWY229348,NA,Acer,LX 300+II,
,LASER PRINTER,VNF8P13345,2027,Epson,P1007,
,PASSBOOK PRINTER,QAL6MT016225,2026,Epson,SPEED 40 PLUS,
,Barcode Scanner,MAOMLB000430,2026,Smartline,BS-C101 Star,
,Barcode Scanner,UAHMLB002257,2025,Uniline,BS-C101 Star,
,CPU,UXB1JSIO91I0436543,2025,Acer,M200-H110,
,MONITOR,MMLY0SS0047520BACE8507,2024,Acer,V196HQL,
,Fingerprint Scanner,C8R1CT00738,2024,HP,Dactyscan84C,
,Iris Scanner,BA1801A025925,2023,Acer,BMT-20,
,Inkjet Printer,CN77L5G09R06B8,2022,Acer,Deskjet GT 5811,
,UPS,0905997,NA,Samsung,420/2.5EXT,
,BATTERY,,2027,Acer,EL65ERTL,
,MONITOR,CNC028PB1R,2025,HP,LE1711,
,CPU,INA92802HM,2024,Epson,HP COMPAQ DX2480,
,Dotmatrix Printer,G7XY027143,2023,Epson,LX 1170 II,
Anthinad SO,Laser printer,VNF6W04945,NA,HP,HP LASERJET P1106,
,Monitor,6CM5521QS3,NA,Acer,HPv192,
,CPU,INA604XH9Y,NA,Acer,HP 406 G1 MT BUSINESS PC,
,CPU,UXVTUSI333M2088967,2022,Epson,Acer VERITON M200 P500,
,CPU,UXVQNSI925L0494391,2019,Epson,Acer Veriton M200 B350,
,Passbook printer,X7ZT047984,2023,Smartline,Epson PLQ35,
,Monitor,MMLY7SS02822406D2F859M,2022,Uniline,Acer V226 HQL,
,Monitor,MMLXKSS0090500FD784248,2019,Acer,Acer V206HQL,
,CPU-Aadhar,UXB1JSIO91I0436522,2017,Acer,Acer Veriton M200 H110,
,Monitor,MMTAMSS002750031473E00,2017,HP,Acer V196HQL,
,Inkjet printer - Aadhar,CN7CH5G16Q,2017,Acer,HP DESKJET 5811,
,Dot matrix printer,Q7DY116408,2019,Acer,"Epson LX 310,",
Arunapuram SO,CPU,INA604XH60,NA,Samsung,HP 406 G1 MT Business PC,
,Monitor,MMLYSS02822406ADD859M,2023,Acer,Acer V226HQL,
,Monitor,MMLY0SS0118500F5BB8525,2017,HP,Acer V196HQL,
,CPU,UXVTUSI333M2089155,2023,Epson,Acer Veriton M200 P500,
,Laser printer,0AN2B8GHAA0267H,2017,Epson,Samsung Xpress M2830DW,
,CPU-Aadhar,UXB1JSIO91I0329028,2017,HP,Acer Veriton M200 H110,
,Monitor - Aadhar,MMTAMSS002750030FD3E00,2017,Acer,Acer V196HQL,
,Inkjet printer - Aadhar,CN7CH5G17J06B8,2017,Acer,HP DESKJET 5811,
,Laser printer,E73793E3N332719,2023,Epson,BROTHER HL L2321D,
,CPU,UD305SI00U40804A360700,2204,Epson,Acer Veriton M200 P50,
,Monitor,UR14701017408F83EB9F00,2024,Smartline,Acer EV226HQL,
,Passbook printer,X7ZT049149,2023,Uniline,Epson PLQ35,
,Dot matrix printer,UBH5ED010142,2023,Acer,TVS MSP 270 STAR,
,Barcode reader,OADMLB000743,NA,Acer,TVS BS C101 STAR,
,Barcode reader,WBNMLB000956,NA,HP,TVS BS C101 STAR,
,Barcode reader,PADMLB002510,NA,Acer,TVS BS C101 STAR,
Aruvithura SO,CPU,UXB1JSII110436226,2018,Acer,Acer Veriton IC6550,
,Monitor,MMTAMSS002740032CA3E00,2018,Samsung,Acer V196HQL,
,CPU,INA92802LT,2015,Acer,HP COMPAQDX2480 BUSINESS PC,
,Monitor,MMT3FSS001750006143B00,2019,HP,Acer E1900HQ,
,Passbook printer,X7ZT008030,2022,Epson,Epson PLQ35,
,Laser printer,VNFN113195,,Epson,HP LASER JET P1007,
,CPU-Aadhar,UXB1JSIO91I0436467,2018,HP,Acer Veriton M200 -H110,
,Monitor - Aadhar,MMTAMSS002750026C63E00,2018,Acer,Acer V196Hql,
,Inkjet printer - Aadhar,CN77L5G0TM06B8,2018,Acer,HP DESKJET,
,Dot matrix printer,Q7DY109589,,Epson,Epson LX 310,
,Barcode reader,R-41007862,,Epson,BS C101 STAR,
,Barcode reader,R-41007862,,Smartline,BS C101 STAR,
Bharananganam SO,Monitor,Q7DY109783,,Uniline,AOC T9M4CS2CALACNIM,
,CPU,UXB1JSII11I1007820,,Acer,Acer Veriton IC6550,
,Barcode reader,TBZMLB002117,,Acer,TVS BS C101 STAR,
,Barcode reader,TBZMLB002117,,HP,TVSBSC101 STAR,
,Dot matrix printer,Q7DY109783,,Acer,Epson LX 310,
,CPU,INA92804SV,,Acer,HP Compaq dx2480,
,CPU,MMLTYSS00145200D8A4201,,Samsung,Acer P166HQL,
,Barcode reader,OADMLB000730,,Acer,TVS BS C101 STAR,
,Passbook printer,QAL6MT016307,,HP,TVS Speed 40 plus,
,Inkjet printer,X5HR020723,,Epson,Epson M1100,
,CPU-Aadhar,UXB1JSIO91I0436482,,Epson,Acer Veriton M200-H110,
,Monitor - Aadhar,MMTAMSS002750026B43E00,,HP,Acer V196HQL,
,Inkjet printer - Aadhar,CN79A5G08R06B8,,Acer,HPDESKJET GT5811,
Cherpunkal SO,Monitor,UR14701017408F88799F00,2024,Acer,Acer EV226HQL,
,CPU,UD305SI00U40804A3E0700,2024,Epson,Acer Veriton M200 P500,
,Passbook printer,X7ZT007623,2022,Epson,Epson PLQ35,
,Laser printer,VNF6W05086,NA,Smartline,HP laserjet P1106,
,Barcode reader,UAAMLB000257,2020,Uniline,TVS BS C101 STAR,
,Dot matrix printer, JNWY363255,2018,Acer,Epson LX 300 II,
Erattupetta SO,CPU,UXVQNSI959L3876879,,Acer,Acer Veriton m200 B560,
,Passbook printer,X7ZT036323,,HP,Epson plq35,
,Laser printer,VNF5140062,,Acer,HP laserjet p1007,
,Dot matrix printer,Q7DY116548,,Acer,Epson LX310,
,Monitor,9I003234202135,,Samsung,H-22P1IPS,
,CPU-Aadhar,UXB1JSIO91I0436475,,Acer,Acer Veriton M200 H110,
,Monitor - Aadhar,MMLY0SS0118500CB6C8525,,HP,AcerV196HQL,
,CPU,21H12L2023B50683,2024,Epson,HLBSCM44,
,Barcode reader,QADMLB000722,,Epson,TVS BS C101Star,
,Barcode reader,UBUMLB001299,,HP,BSC101 Star,
,Monitor,MMLXKSS0091161936A4260,,Acer,Acer V206HQL,
,Inkjet printer - Aadhar,CN78J5G0V506B8,,Acer,HPDESKJET GT 5811,
,Monitor - Aadhar,MMTAMSS002750026C63E00,,Epson,Acer V196HQL,
Kadanad Meenachil SO,Monitor,CNC106P951,,Epson,HP LE1851W,
,Passbook printer,X7ZT036328,2023,Smartline,Epson plq35,
,Dot matrix printer,Q7DY109825,,Uniline,Epson LX 310,
,CPU,UXVQNSI244J0260701,,Acer,Acer Veriton M200 B350,
,Barcode reader,R-41007862,,Acer,BS-C101 STAR,
,Laser printer,AOA813331,,HP,Canon L1121E,
Kadaplamattom SO,Inkjet printer,X5JC028802,2023,Acer,EPSON M1120,
,Passbook printer,X7ZT008082,2022,Acer,Epson PLQ35,
,Dot matrix printer,JNWY365455,NA,Samsung,Epson LX 300 II,
,CPU,UXVQNSI925L0494361,2019,Acer,Acer Veriton M200- B350,
,Barcode reader,UAHMLB002265,NA,HP,TVS BS C101 STAR,
,Monitor,MMLXKSS0090500FAD24248,2019,Epson,Acer V206HQL,
Melukavumattom SO,CPU,UXB1JSII11I0905701,,Epson,Acer,
,Dot matrix printer,Q7EY247457,,HP,Epson LX310,
,Monitor,CNC920P0CH,,Acer,HP L1710,
,CPU,UXVQNSI959L3876881,,Acer,Acer Veriton M200- B560,
,Laser printer,CNCHC92824,,Epson,HP LASERJET 1020 PLUS,
,Monitor,MMLXKSS009116190144260,,Epson,Acer V206HQL,
,Passbook printer,X7ZT036424,2022,Smartline,Epson PLQ 35,
,CPU-Aadhar,UXB1JSIO91I0436504,,Uniline,Acer Veriton M200-H110,
,Monitor - Aadhar,MMLY0SS004842030478507,,Acer,Acer V196HQL,
,Barcode reader,PADMLB002507,,Acer,TVS BS-C101 STAR,
,Barcode reader,NBKMLB000585,,HP,TVS BS-C101 STAR,
Moonnilavu SO,Monitor,MMLXKSS009I161934F4260,,Acer,Acer V206HQL,
,Passbook printer,X23T052114,,Acer,Epson PlQ35,
,CPU,UXVQNSI959L3876847,,Samsung,Acer Veriton M200 B560,
,Dot matrix printer,Q7DY109588,,Acer,Epson LX310,
,Barcode reader,UAHMLB002258,,HP,TVS BS C101 STAR,
,Laser printer,NBKA144139,,Epson,Canon LBP6030B,
,Dot matrix printer,Q7DY109588,2020,Epson,Epson LX 310,
,Passbook printer,X23T052114,2021,HP,Epson PLQ 30,
,CPU,UXVQNSI959L3876847,2021,Acer,Acer Veriton M200 - B560,
,Monitor,11610324742,2020,Acer,Acer V206HQL,
,Laser printer,NBKA144139,2020,Epson,Canon F166400,
,Barcode reader,R-41007862,,Epson,TVS BS C101 STAR,
Pala HO,CPU,UXB1JSIO91I0329009,2018,Smartline,Acer Veriton M200- H110,
,Monitor,MMTAMSS002750031073E00,2018,Uniline,Acer V196HQL,
,Laser printer,VNF3S00041,2020,Acer,HP LASERJET M208dw,
,Monitor,MMLY0SS01190808B248525,2018,Acer,Acer V196HQL,
,CPU,CNV7040D03,2018,HP,HP SLIMLINE 270-p030in,
,Barcode reader,OADMLB000725,2016,Acer,TVS BS-C101 STAR,
,Monitor,9I003234201618,2024,Acer,HLBS H22P1IPS,
,CPU,21H12L2023B 50686,2024,Samsung,HLBS CM44,
,CPU,21H12L2023B50686,2024,Acer,HLBS CM44,
,Monitor,9I003234201618,2024,HP,HLBS H22P1IPS,
,CPU,1N132305KT,2023,Epson,HP 285 pro microtower pc,
,Monitor,CNK3251P7J,2023,Epson,HP P22V G5 ,
,Inkjet printer,X5JC011084,2020,HP,Epson M1120,
,CPU,INA91806KY,NA,Acer,HP COMPAQ dx 2480 business pc,
,Monitor,CNK24700G4,2024,Acer,HP V22v G5 FHD Monitor,
,CPU,UD305SI00U40804A1D0700,2014,Epson,Acer Veriton M200 P 500,
,Monitor,MMLTJSS0035030FFA08501,NA,Epson,P116HQL,
,Inkjet printer - Aadhar,CN77L5G0F406B8,2017,Smartline,HP DESKJET 5811,
,CPU,INA92804JG,Na,Uniline,HP Compaq dx2480 BUSINESS PC,
,Monitor,MMLXKSI002313108F64263,NA,Acer,Acer V206HQL,
,Monitor,MMT0CSS012843006D7850B,NA,Acer,Acer K202 HQL,
,Laser printer,NAQA815573,2016,HP,Canon LBP2900B,
,CPU,INA604XGR1,2017,Acer,HP 406 G1MT Business PC,
,CPU,UXVPNSI645I4809522,2018,Acer,Acer VERITONIC6934K,
,Monitor,MMLXKSI0023340FCCD4263,2017,Samsung,Acer V206HQL,
,Monitor,UR14701017408F87FB9F00,2024,Acer,Acer EV226HQL,
,Monitor,6CM4092140,NA,HP,HP V192,
,CPU,UXVD9SI140D4405467,NA,Epson,Acer VERITON M200H61,
,Passbook printer,X7ZT036312,2023,Epson,Epson PLQ35,
,Passbook printer,X7ZT052333,2022,HP,Epson PLQ35,
,CPU,UD305SI00U408049BE0700,2024,Acer,Acer Veriton M200 - p500,
,Monitor,UR14701017408F882E9F00,2024,Acer,EV226HQL,
,CPU,INA112XDZX,NA,Epson,HP pro 3090 MT,
,Monitor,MMLY0SS0118500F60C8525,NA,Epson,Acer V196HQL,
,Monitor,MMLY0SS0118500F6198525,NA,Smartline,Acer v196hql,
,CPU,UXVQNSI244J0260715,Na,Uniline,Acer VERITON M200 B350,
,Laser printer,CNCHC92453,NA,Acer,HP LASERJET 1020 PLUS,
,CPU,UXVQNSI244J0260689,NA,Acer,Acer VERITON M200 B350,
,Laser printer,VNM1C0559436201610,2023,HP,HP laserjet M208DW,
,CPU,21H12L2023B50681,2024,Acer,HLBS CM44,
,Monitor,9I003234202092,2024,Acer,HLBS H22P1IPS,
,Laser printer,E73793F3N359588,2024,Samsung,Brother HL L2321D,
,CPU,UXVD9SI140D4405834,NA,Acer,Acer P21 A1I,
,Monitor,MMLXNSS004443013594207,NA,HP,Acer V196HQL,
,Inkjet printer,X5E603719,NA,Epson,Epson L3150,
,Monitor,MMT3FSS001750007163B00,2017,Epson,Acer e1900HQ,
,CPU,UXB1JSII11I1007776,NA,HP,Acer VERITON IC6550,
,CPU,UXVQNSI244J0260743,NA,Acer,Acer VERITON M200 B350,
,Monitor,MMLY0SS01190808FEE8525,NA,Acer,Acer V196HQL,
,Laser printer,CNCHD21592,NA,Epson,HP laserjet 1020 plus,
,CPU,UXVQNSI244J0260676,NA,Epson,Acer Veriton M200 B350,
,Barcode reader,OADMLB000725,Na,Smartline,TVS BS C101 STAR,
,Barcode reader,RBQMLB004575,NA,Uniline,TVS BS C101 STAR,
,Laser printer,VNF6802979,NA,Acer,HP LASERJET P1108,
,Dot matrix printer,Q7DYJ00649,2022,Acer,Epson LX 310,
,Barcode reader,TBZMLB001544,2023,HP,TVS BS C101 STAR,
,Barcode reader,RBHNBT004522,NA,Acer,TVS BS L100N,
,Barcode reader,VBDNST008026,NA,Acer,BS 201s BT,
,Barcode reader,TBZMLB001555,NA,Samsung,TVS BS C101 STAR,
,Barcode reader,RBQMLB004588,NA,Acer,TVS BS C101 STAR,
,Laser printer,NNSA110559,2024 from Kottayam HO,HP,Canon imageclasss LBP623Cdw,
,Barcode reader,UBUMLB001298,2024,Epson,TVS BS C101 STAR,
Pala Market Junction SO,Laser printer,E73793A4N483186,2024,Epson,Brother HL L2321D,
,Monitor,9I003234202057,2024,HP,HLBS H22P1PS,
,CPU,21H12L2023BB50695,2024,Acer,HLBS CM44,
,Dot matrix printer,Q7DY112084,2023,Acer,Epson LX 310,
,Passbook printer,X7ZT036413,2023,Epson,Epson PLQ35,
,Barcode reader,NAPMLB003451,Na,Epson,TVS BS C101 STAR,
Pala Town SO,CPU,UXVTUSI333M2089185,2023,Smartline,Acer Veriton M200-P500,
,Monitor,MMLY7SS028224067BA859M,2023,Uniline,Acer V226HQL,
,Dot matrix printer,VBO4BD185727,2023,Acer,TVS MSP 250 STAR,
,CPU,UXB1JSII11I1007773,2019,Acer,Acer Veriton IC6550,
,Monitor,RBW01IS09601,2022,HP,Zebster z e 19HD,
,Passbook printer,QAL6MT016308,NA,Acer,TVS SPEED 40 PLUS,
,Laser printer,0AN2B8GHAA023WZ,NA,Acer,Samsung Xpress M2830DW,
,Barcode reader,PADMLB002512,NA,Samsung,TVS BS C101 STAR,
,Barcode reader,NBGMLB001462,NA,Acer,BS C101 STAR,
,CPU,UXB1JSIO91I0329033,2017,HP,Acer Veriton M200 H110,
,Monitor - Aadhar,MMTAMSS002750026A23E00,NA,Epson,V196HQL,
Plassanal SO,CPU,UXVQNSI959L3876853,2019,Epson,Acer Veriton M200-B560,
,Passbook printer,QAL6MT016315,,HP,TVS SPEED 40 PLUS,
,Laser printer,VNF6W04948,,Acer,HP LASERJET P1106,
,Dot matrix printer,Q7DY112098,,Acer,Epson LX 310,
,Monitor,MMLXKSS00911618F214260,,Epson,Acer V206HQL,
,Barcode reader,NBKMLB002681,,Epson,TVS BS C101,
Poonjar SO,CPU,UXB1JSII11I0905686,,Smartline,Acer VERITON IC6550,
,Monitor,MMT3FSS0017500151A3B00,,Uniline,Acer E1900HQ,
,Monitor,CNK24700F1,2023,Acer,HP V22v G5 FHD Monitor,
,CPU,1N130302Y5,2023,Acer,HP 285 PRO G8 microtower PC,
,CPU,UXB1JSIO91I0328913,,HP,Acer Veriton M200- H110,
,Monitor - Aadhar,MMTAMSS002750026BA3E00,,Acer,Acer V196HQL,
,Monitor - Aadhar,MMTAMSS002750026CF3E00,,Acer,Acer V196HQL,
,Dot matrix printer,Q7DY116478,2020,Samsung,Epson LX 310,
,Passbook printer,X7ZT008035,2021,Acer,Epson PLQ35,
,Laser printer,NAQA815561,,HP,Canon LBP 2900B,
,Inkjet printer - Aadhar,CN79A5G13R06B8,,Epson,HP DESKJET gt 5811,
,Barcode reader,NBKMLB000582,,Epson,BS C101 STAR,
,Barcode reader,NAPMLB003446,NAPMLB003446,HP,BS C101 STAR,
Poonjar Thekkekara SO,CPU-Aadhar,UXB1JSIO91I0436547,2017,Acer,Acer Veriton M200 H110,
,Monitor - Aadhar,MMTAMSS002750032E23E00,2017,Acer,Acer V196HQL,
,CPU,UXVQNSI244J0260684,2018,Epson,Acer Veriton M200B350,
,Monitor,MMTAMSS002750032C73E00,2018,Epson,Acer V196HQL,
,CPU,INA91805KV,NA,Smartline,HP COMPAQ dx 2480 business pc,
,Monitor,MMLY0SS0118500F61C8525,2018,Uniline,Acer V196HQL,
,Dot matrix printer,JNXY066481,NA,Acer,Epson LX 310,
,Laser printer,NAQA815568,2017,Acer,Canon LBP2009B,
,Passbook printer,QAL6MT016229,NA,HP,TVS SPEED40 PLUS,
,Barcode reader,NBKMLB000581,NA,Acer,TVS BS C101 STAR,
,Barcode reader,QBEMLB004095,NA,Acer,TVS BS C101 STAR,
,Inkjet printer - Aadhar,CN7CH5G1BV06B8,2017,Samsung,HP DESKJET 5811 ,
Poovarani SO,CPU,EV8133G45006058,2016,Acer,Acer Veriton,
,Monitor,MMLXNSS004443013924207,2017,HP,Acer V196HQL,
,Barcode reader,R- 41007862,2016,Epson,TVS BS C101 STAR,
,Barcode reader,OADMLB000739,2016,Epson,TVS BS C101 STAR,
,Dot matrix printer,JNWY334640,2017,HP,Epson LX 300,
,CPU-Aadhar,UXB1JSIO91I0329019,2017,Acer,Acer Veriton M200 H110,
,Monitor - Aadhar,MMTAMSS002750032CC3E00,2017,Acer,Acer V196HQL,
,Inkjet printer - Aadhar,CN7CH5G1B8,,Epson,HP DESKJET GT 5811,
,Laser printer,NTNA612809,2021,Epson,Canon LBP6030B,
,Monitor,MMTAMSS0027500269C3E00,2018,Smartline,Acer V196HQL,
,CPU,UXVQNSI925L0494390,2018,Uniline,Acer VeritonM200- B360,
,Passbook printer,X7ZT004049,2022,Acer,Epson PLQ 35,
Puliyannoor SO,CPU,INA113XHJ3,NA,Acer,HP PRO 3090 MT,
,Passbook printer,QAL6MT016962,NA,HP,TVS SPEED 40 plus,
,Monitor,MMLY0SS0118500F5CB8525,NA,Acer,Acer V196HQL,
,Laser printer,VNF6W04911,NA,Acer,HP laserjet p1106,
,CPU,UD305SI00U408049DE0700,2024,Samsung,Acer Veriton M200 -P500,
,Monitor,UR14701017408F88599F00,2024,Acer,Acer EV226HQL,
,Dot matrix printer,Q7DYJ03509,2020,HP,Epson LX 310,
,Barcode reader,QAUMLB000055,Na,Epson,TVS BS C101 STAR,
,Barcode reader,WBNMLB000960,2024,Epson,TVS BS C101 STAR,
Teekoy SO,Monitor,MMLY7SS028224067CD859M,2022,HP,Acer V226HQL,
,CPU,UXVTUSI333M2088941,2022,Acer,Acer Veriton M200 P500,
,Laser printer,VNF5140791,NA,Acer,HP laserjet P1007,
,CPU-Aadhar,UXB1JSIO91I0328619,2017,Epson,Acer Veriton M200 H110,
,Monitor,MMLY0SS0118500F6288525,2017,Epson,Acer V196HQL,
,Dot matrix printer,Q7DY149373,2022,Smartline,Epson LX 310,
,Passbook printer,QAL6MT016306,NA,Uniline,TVS SPEED40 PLUS,
,Barcode reader,NBKMLB000584,NA,Acer,TVS BS C101!STAR,
,Barcode reader,NBGMLB001469,NA,Acer,TVS BS C101 STAR,
,Monitor - Aadhar,MMTAMSS002750032C63E00,2017,HP,Acer V196HQL,
,Inkjet printer - Aadhar,CN77L5G0TX06B8,2017,Acer,HP DESKJET 5811,
Thidanad SO,CPU,UD305SI00U408049B10700,2024,Acer,Acer Veriton M200-P500,
,Dot matrix printer,Q7EY078806,,Samsung,Epson LX310,
,Laser printer,VNFNX13320,,Acer,HPLASERJET P1007,
,Passbook printer,VNFNX13320,,HP,TVS Speed 40 plus,
,Monitor,UR14701017408F83B69F00,2024,Epson,Acer EV226HQL,
,Barcode reader,TARMLB000392,,Epson,TVS BS - C101 star,
Sub Division Pala,Monitor,MMLY0SS0118500F5CC8525,na,HP,V196HQL,
,CPU,IN130302W7,2023,Acer,HP 285 PRO G8 microtower PC,
,Laser printer,VNFNS12943,NA,Acer,HP LASERJET P1020,
Kaduthuruthy,Barcode Scanner,PADMLB002500,,TVS,BS-C101 Star,
,Barcode Scanner,UAEMLB001419,,TVS,BS-C101 Star,
,Battery,NIL,,SUPRA,B2045,
,CPU,UXB1JSII01I0434220,,Acer,Veriton-IC6542,
,CPU,UXB1JSIO91I0328783,,Acer,Veriton M200-H110,
,CPU,INA604XGZX,,HP,406 G1 MT Business PC,
,CPU,21H12L2023B 50684,,HLBS,CM44,
,DMP,Q7DY061967,,Epson,LX-310,
,Fingerprint Scanner,C8R1CT00581,,Greenbit,Dactyscan84C,
,Inkjet Printer,CN7CH5G130,,HP,Deskjet GT 5811,
,Iris Scanner,BA1712A023942,,CMITech,BMT-20,
,Laser Printer,CNCHC91635,,HP,Laserjet 1020 Plus,
,Laser Printer,VNF6F18980,,HP,Laserjet P 1007,
,Monitor,MMTAMSS002750038AD3E00,,Acer,V196HQL,
,Monitor,6CM5521PD1,,HP,V192,
,Monitor,MMLY0SS0047520B8AA8507,,Acer,V196HQL,
,Monitor,RAA05UR04711,,Zebster,ZEB-V19HD LED,
,Monitor,9I003234201671,,HLBS,H-22P1IPS,
,Passbook Printer,QAL6MT016276,,TVS,Speed 40 Plus,
,UPS,B13M18A00059,,BPE,UPS1000V,
,UPS,900032401110163-0624,,SUPRA,HFD200M60TB3,
Kallara,Barcode Scanner,NAFMLB001430,,TVS,BS-C101 Star,
,Barcode Scanner,PADMLB002513,,TVS,BS-C101 Star,
,Barcode Scanner,UBUMLB001292,,TVS,BS-C101 Star,
,Battery,,,,,
,CPU,UXB1JSII01I0431325,,Acer,Veriton-IC6542,
,CPU,UXB1JSIO91I0436513,,Acer,Veriton M200-H110,
,CPU,UXVTUSI333M2089048,,Acer,Veriton M200-P500,
,DMP,Q7DY157031,,Epson,LX-310,
,Fingerprint Scanner,C8R1CT01023,,Greenbit,Dactyscan84C,
,Iris Scanner,BA1801A025999,,CMITech,BMT-20,
,Laser Printer,VNM1C05601,,HP,Laserjet M208dw,
,Monitor,MMLY0SS0047520BBF28507,,Acer,V196HQL,
,Monitor,MMT6MSS001744026153E00,,Acer,EB192Q,
,Monitor,MMLY7SS028224067DD859M,,Acer,V226HQL,
,Monitor,MMTAMSS002750038CB3E00,,Acer,V196HQL,
,Passbook Printer,QAL6MT016309,,TVS,Speed 40 Plus,
,UPS,NA,,Keptron,,
,UPS,B13M18A00084,,BPE,UPS1000V,
Kulasekharamangalam,Barcode Scanner,RAOMLB003178,,TVS,BS-C101 Star,
,Barcode Scanner,TBWMLB001380,,TVS,BS-C101 Star,
,Battery,,,Exide,,
,CPU,UXB1JSIO91I0436511,,Acer,Veriton M200-H110,
,CPU,INA604XHCZ,,HP,406 G1 MT Business PC,
,CPU,UXB1JSII11I0905811,,Acer,Veriton-IC6550,
,DMP,Q7DY116817,,Epson,LX-310,
,Fingerprint Scanner,C8R1CT00876,,Greenbit,Dactyscan84c,
,Inkjet Printer,CN7CH5G10Z,,HP,Deskjet GT 5811,
,Iris scanner,BA1712A023953,,CMITECH,BMT-20,
,Monitor,MMTAMSS002750030EA3E00,,Acer,V196HQL,
,Monitor,MMTAMSS002750038AB3E00,,Acer,V196HQL,
,Monitor,MMT3FSS001750015183B00,,Acer,E1900HQ,
,Monitor,RBW01IS09604,,ZEBSTER,Z-E19HD LED,
,Passbook Printer,8109181,,Olivetti,PR2 Plus,
,UPS,NA,,Keptron,,
,UPS,B13M18A00082,,BPE,UPS1000V,
Kuravilangad,Barcode Scanner,RBHNBT004830,,TVS,BS-L100N,
,Barcode Scanner,MBPMLB002461,,TVS,BS-C101 Star,
,Barcode Scanner,NBKMLB000577,,TVS,BS-C101 Star,
,Barcode Scanner,OALMLB002491,,TVS,BS-C101 Star,
,Battery,,,Exide,,
,CPU,INA604XGYQ,,HP,HP 406 G1 MT Bussiness PC,
,CPU,INA604XH7P,,HP,HP 406 G1 MT Bussiness PC,
,CPU,INA604XGY7,,HP,HP 406 G1 MT Bussiness PC,
,CPU,UXB1JSIO91I0436506,,Acer,M200-H110,
,CPU,UXVQNSI244J0260707,,Acer,M200-B350,
,Dotmatrix Printer,Q7EY247275,,Epson,LX 310,
,Inkjet Printer,CN79A5G0X4,,HP,Deskjet GT 5811,
,Laser printer,CNCHB78557,,HP,LASERJET 1020 Plus,
,Laser Printer,E73793L3N466772,,Brother,HL-L2321D,
,Monitor,6CM5521QSJ,,HP,V192,
,Monitor,6CM5521R0H,,HP,V192,
,Monitor,6CM5521QS2,,HP,V192,
,Monitor,MMLY0SS01190808FA78525,,Acer,V196HQL,
,Monitor,MMLY0SS0047520BBE98507,,Acer,V196HQL,
,Monitor,MMLY0SS0047520B8C48507,,Acer,V196HQL,
,Passbook Printer,QAL6MT016959,,TVS,Speed 40 Plus,
,Passbook Printer,1202006,,Olivetti,PR2 Plus,
,UPS,B13M18A00048,,BPE,UPS1000V,
,UPS,20050601379,,Power One,U502A08H,
Manjoor,Barcode Scanner,NAFMLB001420,,TVS,TVS BS-C101 STAR,
,Barcode Scanner,OADMLB000733,,TVS,TVS BS-C101 STAR,
,Barcode Scanner,UAEMLB001426,,TVS,BS-C101 Star,
,Battery,,,HYKON,HyBT series,
,CPU,UXVQNSI244J0260692,,Acer,VERITON M200-B350,
,CPU,INA604XH85,,HP,HP 406 G1 MT Bussiness PC,
,CPU,UXB1JSIO91I0436539,,Acer,ACER VERITON M200-H110,
,CPU,21H12L2023B 50685,,HLBS,CM 44,
,Dotmatrix Printer,Q7DY062353,,Epson,LX 310,
,Fingerprint Scanner,C8R1CT00867,,Greenbit,Dactyscan84C,
,Inkjet Printer,CN79B5G295,,HP,Deskjet GT 5811,
,Iris Scanner,BA1801A026003,,CMITech,BMT-20,
,Laser printer,CNC2106908,,HP,Laserjet 1020 Plus,
,Monitor,MMLY0SS0118500F5CA8525,,Acer,V196HQL,
,Monitor,MMTAMSS002750030F63E00,,ACER,V196HQL,
,Monitor,MMT3FSS00162400DF03B00,,HP,E1900HQ,
,Monitor,MMLY0SS0047520BBF78507,,Acer,ACER V196HQL,
,Monitor,9I003234202132,,HLBS,H-22P1IPS,
,Passbook Printer,09031000007,,Olivetti,Speed 40 Plus,
,UPS,B13M18A00502,,BPE,UPS1000V,
,UPS,na,,na,,
Marangattupally,Barcode Scanner,RBQMLB004573,,TVS,BS-C101 Star,
,Barcode Scanner,UBUMLB001295,,TVS,BS-C101 Star,
,Barcode Scanner,UBUMLB001294,,TVS,BS-C101 Star,
,Battery,,,Exide,POWER SAFE,
,CPU,UXB1JSII11I0905683,,Acer,VERITON IC650,
,CPU,UXB1JSIO91I0436528,,Acer,VERITON M200-H110,
,CPU,21H12I2023B 50691,,HLBS,CM 44,
,Dotmatrix Printer,Q7DY062342,,Epson,EPSON LX 310,
,Fingerprint Scanner,C8RICT00980,,Greenbit,Dactyscan84C,
,Iris Scanner,BA1801A025918,,CMITech,BMT-20,
,Laser Printer,VNFNP10859,,HP,Laserjet P 1007,
,Laser Printer,NTPA510033,,Canon,Image class LBP6030w,
,Monitor,MMT3FSS0017500137C3B00,,Acer,E1900HQ,
,Monitor,MMLY0SS0047520BBAA8507,,Acer,V196HQL,
,Monitor,MMLY0SS0047520BB6F8507,,Acer,V196HQL,
,Monitor,9I003234202012,,HLBS,H-22P1IPS,
,Passbook Printer,1201860,,Olivetti,PR2 Plus,
,Passbook Printer,X7ZT036331,,Epson,PLQ-35,
,UPS,07096269,,Keptron,VGD 2000-1,
,UPS,18012260360520,,Arrow,Arrow 600VA,
Mevelloor,Barcode Scanner,PBYMLB002684,,TVS,BS-C101 Star,
,Battery,,,Exide,solar blitz,
,CPU,UXVQNSI244J0260697,,Acer,Veriton M200-B350,
,DMP,JNWY361773,,Epson,LX-300+II,
,DMP,VAS5JD005270,,TVS,MSP270 Classic Plus,
,Flatbed Scanner,CN37TA10B1,,HP,Scanjet 200,
,Laser Printer,VNF4H06843,,HP,Laserjet P1106,
,Monitor,MMLY0SS0118500F5F18525,,Acer,V196HQL,
,Passbook Printer,X7ZT008028,,Epson,PLQ-35,
,UPS,10040178,,Hykon,AEM1000,
Monipally,Barcode Scanner,NBKMLB002402,,TVS,BS-C101 Star,
,Barcode Scanner,RBQMLB004580,,TVS,BS-C101 Star,
,Barcode Scanner,UBUML001293,,TVS,BS-C101 Star,
,Battery,,,Powersafe,,
,CPU,INA604XGRM,,HP,406 G1 MT Business PC,
,CPU,UXB1JSIO91I0436685,,Acer,Veriton M200-H110,
,CPU,1N130302Y2,,HP,HP 285 Pro G8 Microtower,
,DMP,Q7DY156275,,Epson,LX-310,
,Fingerprint Scanner,C8R1CT00672,,Greenbit,Dactyscan84C,
,Inkjet Printer,CN7CH5G0W5,,HP,Deskjet GT 5811,
,Iris Scanner,BA1712A023943,,CMITech,BMT-20,
,Laser Printer,VNF4324364,,HP,LASERJET P1007,
,Monitor,MMTAMSS002750030F53E00,,Acer,V196HQL,
,Monitor,6CM5521QYZ,,HP,V 192,
,Monitor,MMTAMSS002750030FF3E00,,Acer,V196HQL,
,Monitor,CNK2500TPH,,HP,V22v G5 FHD,
,Passbook Printer,QAL6MT016381,,TVS,Speed 40 Plus,
,UPS,B13M18A00080,,BPE,UPS1000V,
,UPS,75000704,,Keptron,420/20EXT1,
Muttuchira,Barcode Scanner,OALMLB002492,,TVS,BS-C101 Star,
,Barcode Scanner,OADMLB000735,,TVS,BS-C101 Star,
,Battery,,,Exide,6EL 40+,
,CPU,INA604XH2W,,HP,406 G1 MT Business PC,
,CPU,UXB1JSIO91I0436519,,Acer,Veriton M200-H110,
,CPU,UXVTUSI333M2088963,,Acer,Veriton M200-P500,
,DMP,Q7EY147905,,Epson,LX-310,
,Fingerprint Scanner,C8R1CT00837,,Greenbit,Dactyscan84C,
,Inkjet Printer,CN7CH5G14Q,,HP,Deskjet GT 5811,
,Iris Scanner,BA1712A023949,,CMITech,BMT-20,
,Laser Printer,0AN2B8GHAA00RYD,,Samsung,Xpress M2830DW,
,Laser printer,VNFNX12704,,HP,Laserjet P 1007,
,Monitor,6CM5521QS6,,HP,V192,
,Monitor,MMLY0SS0047520B8B38507,,Acer,V196HQL,
,Monitor,MMTAMSS0027500313D3E00,,Acer,V196HQL,
,Monitor,MMLY7SS02822406B00859M,,Acer,V226HQL,
,Passbook Printer,QAL6MT016238,,TVS,Speed 40 Plus,
,UPS,B13M18A00534,,BPE,UPS1000V,
,UPS,,,Keptron,,
Newsprint Nagar,Barcode Scanner,NALMLB001442,,TVS,BS-C101 Star,
,Battery,,,Exide,POWER SAFE,
,CPU,UXVPNSI645I4809459,,Acer,Veriton-IC6834K,
,DMP,Q7EY267867,,EPSON ,EPSON LX 310,
,Laser printer,VNF4H06861,,HP,Laserjet P1106,
,Monitor,MMT6MSS001744026693E00,,Acer,EB192Q,
,Passbook Printer,QAL6MT016953,,TVS,Speed 40 Plus,
,UPS,07096253,,Keptron,VGD 2000-1,
Njizhoor,Barcode Scanner,PADMLB002503,,TVS,BS-C101 Star,
,Barcode Scanner,RBQMLB004572,,TVS,BS-C101 Star,
,Battery,,,Powersafe,,
,CPU,INA604XH72,,HP,406 G1 MT Business PC,
,CPU,UXB1JSIO91I0436523,,Acer,Veriton M200-H110,
,CPU,1N1303033P,,HP,HP285 Pro G8 Microtower PC,
,DMP,Q7EY247324,,Epson,LX-310,
,Fingerprint Scanner,C8R1BT16060,,Greenbit,Dactyscan84C,
,Inkjet Printer,CN7CH5G1BN,,HP,Deskjet GT 5811,
,Iris Scanner,BA1712A023948,,CMITech,BMT-20,
,Laser printer,VNFNP07751,,HP,Laserjet P1007,
,Laser printer,0AN2B8GHAB02TLW,,Samsung,Xpress M2830DW,
,Monitor,MMTAMSS0027500389F3E00,,Acer,V196HQL,
,Monitor,6CM5521PCX,,HP,V192,
,Monitor,MMLY0SS0047520BEB08507,,Acer,V196HQL,
,Monitor,CNK24700FC,,HP,V22v G5 FHD,
,Passbook Printer,8123535,,Olivetti,PR2 plus,
,UPS,B13M18A00047,,BPE,UPS1000V,
,UPS,86666,,Keptron,,
Ozhavoor,Barcode scanner,PADMLB002499,,TVS,BS-C101 Star,
,Barcode Scanner,OALMLB002405,,TVS,BS-C101 Star,
,Barcode Scanner,UBUMLB001297,,TVS,BS-C101 Star,
,Battery,,,Micro,MFT-N100,
,CPU,UXB1JSIO91I0436498,,Acer,Veriton M200-H110,
,CPU,UXVQNSI244J0260744,,Acer,Veriton M200-B350,
,CPU,UXVTUSI333M2089124,,Acer,Veriton M200-P500,
,DMP,Q7DY061543,,Epson,LX-310,
,Fingerprint Scanner,C8R1BT16348,,Greenbit,Dactyscan84C,
,Inkjet Printer,CN7CH5G1BH,,HP,Deskjet GT 5811,
,Iris Scanner,BA1712A023944,,CMITech,BMT-20,
,Laser Printer,0AN2B8GHAA00WDH,,Samsung,Xpress M2830DW,
,Laser Printer,NTNA610204,,Canon,F166400,
,Monitor,MMLY0SS0047520BF4B8507,,Acer,V196HQL,
,Monitor,MMT3FSS001750011763B00,,Acer,E1900HQ,
,Monitor,MMLY0SS0118500F5F08525,,Acer,V196HQL,
,Monitor,MMLY7SS02822406AFB859M,,Acer,V226HQL,
,Passbook Printer,QAL6MT016239,,TVS,Speed 40 Plus,
,UPS,B13M18A00060,,BPE,UPS1000V,
,UPS,1109647,,Keptron,DC 36V,
Padinjarekkara,Barcode Scanner,NALMLB001443,,TVS,BS-C101 Star,
,Battery,,,Powersafe,,
,CPU,UXVQNSI244J0260719,,Acer,Veriton M200-B350,
,DMP,Q7DY156256,,Epson,LX-310,
,Laser Printer,VNF8P13528,,HP,Laserjet P1007,
,Monitor,MMLY0SS0118500F60E8525,,Acer,V196HQL,
,Passbook Printer,QAL6MT016294,,TVS,Speed 40 Plus,
,UPS,231208254 S,,Hykon,HT 1101L,
Peruva,Barcode Scanner,PADMLB002497,,TVS,BS-C101 Star,
,Barcode Scanner,NBKMLB000580,,TVS,BS-C101 Star,
,Barcode Scanner,UAAMLB000252,,TVS,BS-C101 Star,
,Battery,,,HYKON,HyTT series,
,CPU,UXB1JSIO91I0328836,,Acer,Veriton M200-H110,
,CPU,UXVQNSI285J1282803,,Acer,Veriton M200-B350,
,CPU,21H12L2023B 50689,,HLBS,CM 44,
,DMP,Q7EY144628,,Epson,LX-310,
,Fingerprint Scanner,C8R1CT00673,,Greenbit,Dactyscan84C,
,Inkjet Printer,CN7CH5G11D,,HP,Deskjet GT 5811,
,Iris Scanner,BA1712A023945,,CMITech,BMT-20,
,Laser printer,CNCHB78450,,HP,Laserjet 1020 Plus,
,Monitor,MMLY0SS0047520BF478507,,Acer,V196HQL,
,Monitor,MMLY0SS0047520BB6D8507,,Acer,V196HQL,
,Monitor,MMLY0SS01190808FE58525,,Acer,V196HQL,
,Monitor,9I003234202134,,HLBS,H-22P1IPS,
,Passbook Printer,8123894,,Olivetti,PR2 Plus,
,Passbook Printer,X7ZT036401,,Epson,PLQ-35,
,UPS,B13M18A00079,,BPE,UPS1000V,
,UPS,01192955,,Keptron,KE440-1120,
RP BAZAR,Barcode Scanner,PADMLB002518,,TVS,BS-C101 Star,
,Barcode Scanner,QAUMLB000056,,TVS,BS-C101 Star,
,Barcode Scanner,UAEMLB001417,,TVS,BS-C101 Star,
,Battery,,,Exide,POWER SAFE,
,CPU,UXB1JSIO91I0328776,,Acer,Veriton M200-H110,
,CPU,UXVQNSI285J1282957,,Acer,VERITON M200-B350,
,CPU,UXVQNSI959L3876844,,Acer,Veriton M200-B560,
,CPU,UD305SI00U408049D80700,,Acer,Veriton M200-P500,
,Dotmatrix Printer,Q7DY061998,,EPSON,LX 310,
,Fingerprint Scanner,C8R1BT15953,,Greenbit,Dactyscan84C,
,Inkjet Printer,CN78J5G0H8,,HP,Deskjet GT 5811,
,Iris Scanner,BA1801A026148,,CMITech,BMT-20,
,Laser Printer,CNCHB75788,,HP,Laserjet  P1020,
,Monitor,MMLY0SS0118500F5FE8525,,,,
,Monitor,MMTAMSS002750030FE3E00,,Acer,V196HQL,
,Monitor,MMTAMSS002750032E63E00,,Acer,V196HQL,
,Monitor,MMLXKSS00911618E684260,,ACER,V206HQL,
,Monitor,UR14701017408F88119F00,,Acer,EV226HQL,
,Passbook Printer,8123964,,Olivetti,PR2 Plus,
,UPS,B13M18A00066,,BPE,UPS1000V,
,UPS,09191813,,Keptron,KE440-3602,
T V Puram,Barcode Scanner,NBGMLB001463,,TVS,BS-C101 Star,
,Battery,,,Exide,POWER SAFE,
,CPU,UXVQNSI244J0260680,,Acer,Veriton M200-B350,
,DMP,QAG4BD135307,,TVS,MSP 250 STAR,
,Laser printer,CNCGY12932,,HP,HP Laserjet 1020 Plus,
,Monitor,MMLY0SS0118500F5B68525,,Acer,V196HQL,
,Passbook Printer,X7ZT007625,,Epson,PLQ-35,
,UPS,240108526,,Hykon,HT 1101L,
Thalayolaparambu,Barcode scanner,PADMLB002505,,TVS,BS-C101 Star,
,Barcode Scanner,NBGMLB001468,,TVS,BS-C101 Star,
,Barcode Scanner,NATMLB001071,,TVS,BS-C101 Star,
,Barcode Scanner,TAFMLB000724,,TVS,BS-C101 Star,
,Barcode Scanner,Q7DY098407,,Epson,LX-310,
,Barcode Scanner,UAEMLB001431,,TVS,BS-C101 Star,
,Battery,,,Exide,power safe,
,CPU,INA532P5T0,,HP,406 G1 MT Business PC,
,CPU,UXB1JSIO91I0328884,,Acer,Veriton M200-H110,
,CPU,UXVQNSI244J0260726,,Acer,Veriton M200-B350,
,CPU,UXB1JSIO91I0436483,,Acer,Veriton M200-H110,
,CPU,1N130303BW,,HP,HP 285 Pro G8 Microtower,
,Fingerprint Scanner,C8R1BT15912,,Greenbit,Dactyscan84C,
,Inkjet Printer,CN7CH5G133,,HP,Deskjet GT 5811,
,Iris Scanner,BA1712A023946,,CMITech,BMT-20,
,Laser printer,0AN2B8GHAA0276E,,Samsung,Xpress M2830DW,
,Laser Printer,CNCH654791,,HP,Laserjet 1020 Plus,
,Monitor,6CM52115HC,,HP,V192,
,Monitor,MMTAMSS002750038B53E00,,Acer,V196HQL,
,Monitor,MMTAMSS002750038A43E00,,Acer,V196HQL,
,Monitor,MMLY0SS0118500F5E18525,,Acer,V196HQL,
,Monitor,CNK24700GB,,HP,V22v G5 FHD,
,Monitor,MMLY0SS0047520BBF48507,,Acer,V196HQL,
,Passbook Printer,1202633,,Olivetti,PR2 Plus,
,Passbook Printer,QAL6MT016402,,TVS,Speed 40 Plus,
,UPS,18012260360047,,Arrow,Arrow 600VA,
,UPS,211105937 SA,,HYKON,HT1103LT,
Udayanapuram,Barcode Scanner,PADMLB002511,,TVS,BS-C101 Star,
,Battery,,,Exide,POWER SAFE,
,CPU,UXVQNSI244J0260706,,Acer,Veriton M200-B350,
,DMP,Q7DY102448,,EPson,LX-310,
,Laser Printer,VNF4H05801,,HP,Laserjet P1106,
,Monitor,MMLY0SS0118500F5E78525,,Acer,V196HQL,
,Passbook Printer,8109702,,Olivetti,PR2 Plus,
,UPS,2010-03-P151,,Techser,,
Vaikom HO,Barcode Scanner,OADMLB000726,,TVS,BS-C101 Star,
,Barcode Scanner,OAZMLB000012,,TVS,BS-C101 Star,
,Barcode Scanner,TBZMLB001482,,TVS,BS-C101 Star,
,Barcode Scanner,RAOMLB003177,,TVS,BS-C101 Star,
,Battery,,,amaron,,
,CPU,UXB1JSII01I0434102,,Acer,Veriton-IC6542,
,CPU,UXB1JSII11I1007806,,Acer,Veriton-IC6550,
,CPU,08CAMM07700194,,Wipro,SuperGenius WSG32325V,
,CPU,UXB1JSII11I0435222,,Acer,Veriton-IC6550,
,CPU,UXVQNSI244J0260722,,Acer,Veriton M200-B350,
,CPU,UXVD9SI140D4405946,,Acer,Veriton M200-H61,
,CPU,UXVQNSI244J0260742,,Acer,Veriton M200-B350,
,CPU,5103A1419308,,HCL,Infinity Pro,
,CPU,CNV7040CZV,,HP,Slimline 270-p030in,
,CPU,INA113XHFX,,HP,Pro 3090 MT,
,CPU,UXB1JSII11I0905726,,Acer,Veriton-IC6550,
,CPU,INA113XHJD,,HP,Pro 3090 MT,
,CPU,INA604XH96,,HP,HP 406 G1 MT Bussiness PC,
,CPU,INA604XH15,,HP,406 G1 MT Business PC,
,CPU,INA0450391,,HP,Pro 3090 MT,
,CPU,UD305SI00U40804A3B0700,,Acer,Veriton M200-P500,
,CPU,UD305SI00U40804A150700,,Acer,Veriton M200-P500,
,CPU,UD305SI00U40804A400700,,Acer,Veriton M200-P500,
,CPU,UD305SI00U40804A100700,,Acer,Veriton M200-P500,
,CPU,UD305SI00U408049FC0700,,Acer,Veriton M200-P500,
,CPU,21H12L2023B 50680,,HLBS,CM 44,
,CPU,UD305SI00U408049D40700,,Acer,Veriton M200-P500,
,CTS Scanner,70413391089,,Digital Check,Tellerscan 240,
,DMP,Q7DY116671,,Epson,LX-310,
,Fingerprint Scanner,C8R1CT00680,,Greenbit,Dactyscan84C,
,Inkjet Printer,CN7CH5G136,,HP,Deskjet GT 5811,
,Inkjet Printer,X5EP303698,,Epson,L3150,
,Iris Scanner,BA1801A026004,,CMITech,BMT-20,
,Laser Printer,VNC3P04997,,HP,Laserjet P1606dn,
,Laser printer,VNF6800112,,HP,Laserjet P1108,
,Laser printer,VNC4L18555,,HP,Laserjet Pro M202dw,
,Laser printer,0AN2B8GHAA021TP,,Samsung,Xpress M2830DW,
,Laser printer,0AN2B8GHAA014KA,,Samsung,Xpress M2830DW,
,Laser printer,CNCHD27071,,HP,Laserjet 1020 Plus,
,Laser printer,NAQA592275,,Canon,L11121E,
,Laser Printer,NAQA813359,,Canon,L11121E,
,Laser printer,VNM1C00003,,HP,Laserjet Pro M208dw,
,Monitor,443101501162,,HCL,TFT185W80PSA+,
,Monitor,MMT3FSS0017500010A3B00,,Acer,E1900HQ,
,Monitor,MMLY0SS0118500F5D88525,,Acer,V196HQL,
,Monitor,MMLTJSS0033360951F8501,,Acer,P166HQL,
,Monitor,MMLY0SS0118500F5D08525,,Acer,V196HQL,
,Monitor,MMLY0SS00482900EEF8507,,Acer,V196HQL,
,Monitor,MMLY0SS00482900EEB8507,,Acer,V196HQL,
,Monitor,6CM7060CPP,,HP,HSTND-9191-L,
,Monitor,MMTAMSS002750038BF3E00,,Acer,V196HQL,
,MONITOR,AOCKRV2F4950815,,AOC,E1670Swu,
,Monitor,MMT6MSI00114601CA83E00,,Acer,EB192Q,
,Monitor,MMLY0SS01143402CED8520,,Acer,V196HQL,
,Monitor,UR14701017408F883E9F00,,Acer,EV226HQL,
,Monitor,UR14701017407F7A019F00,,Acer,EV226HQL,
,Monitor,UR14701017408F87B29F00,,Acer,EV226HQL,
,Monitor,UR14701017407F7B019F00,,Acer,EV226HQL,
,Monitor,UR14701017408F842E9F00,,Acer,EV226HQL,
,Monitor,RBW01IS09602,,ZEBSTER,Z-E19HD LED,
,Monitor,9I003234202096,,HLBS,H-22P1IPS,
,Monitor,UR14701017408F88AA9F00,,Acer,EV226HQL,
,Passbook Printer,QAL6MT016298,,TVS,Speed 40 Plus,
,Passbook Printer,QAL6MT016969,,TVS,Speed 40 Plus,
,Passbook Printer,X7ZT004053,,Epson,PLQ-35,
,Portable A4 Scanner,1800514000053,,iBall,ClickScan A404,
,UPS,B13M18A00389,,BPE,UPS1000V,
,UPS,VC2007196957,,V Guard,SESTO 600,
,UPS,240209009F,,HYKON,BIZ 600,
,UPS,03212189,,Keptron,KE-440/5602,
Vaikom Sub Dn,CPU,UXVQNSI244J0260734,,Acer,Veriton M200-B350,
,Inkjet Printer,X6NY171907,,Epson,L3110,
,Laser Printer,E73793L3N466759,,Brother,HL-L2321D,
,Monitor,MMLY0SS0118500F5F88525,,Acer,V196HQL,
,UPS,VC 1909 177704,,V Guard,SESTO 600,
VAYALA,Barcode Scanner,PADMLB002509,,TVS,BS-C101 Star,
,Battery,,,HYKON,HyBT series,
,CPU,UXQNSI244J0260739,,Acer,VERITON M200-B350,
,Dotmatrix Printer,JNWY360520,,Epson,LX-300+II,
,Laser printer,VNC3D07411,,HP,Laserjet P1606dn,
,Laser Printer,E73793H2N977614,,Brother,HL-L2321D,
,Monitor,MMLY0SS0118500F6238525,,Acer,V196HQL,
,PB PRINTER,8123565,,OLIVETTI,PR2 Plus,
,UPS,10040210,,HYKON,AEM1000,
